id,name,price,barcode,tax,age
1001,食パン 6枚入り (1),150,8,0
1002,牛乳 1000ml (1),200,8,0
1003,卵 10個パック (1),220,8,0
1004,カップラーメン 醤油 (1),150,8,0
1005,おにぎり 梅 (1),130,8,0
1006,弁当 のり弁 (1),450,8,0
1007,チョコレート 50g (1),120,8,0
1008,クッキー 12枚 (1),180,8,0
1009,ポテトチップス 60g (1),140,8,0
1010,コーンスナック 60g (1),130,8,0
1011,オレンジジュース 500ml (1),150,8,0
1012,アップルジュース 500ml (1),150,8,0
1013,緑茶 500ml (1),120,8,0
1014,コーヒー 500ml (1),140,8,0
1015,ミネラルウォーター 500ml (1),100,8,0
1016,ヨーグルト 450g (1),100,8,0
1017,スライスチーズ 6枚 (1),250,8,0
1018,バター 200g (1),250,8,0
1019,しょうゆ 1L (1),300,8,0
1020,みそ 500g (1),350,8,0
1021,砂糖 1kg (1),250,8,0
1022,塩 500g (1),120,8,0
1023,米 2kg (1),1200,8,0
1024,パスタ 1袋 (1),200,8,0
1025,冷凍餃子 12個 (1),380,8,0
1026,冷凍ピザ 1枚 (1),500,8,0
1027,アイスクリーム バニラ (1),250,8,0
1028,即席味噌汁 10食 (1),100,8,0
1029,食パン 6枚入り (2),160,8,0
1030,牛乳 1000ml (2),210,8,0
1031,卵 10個パック (2),230,8,0
1032,カップラーメン 醤油 (2),160,8,0
1033,おにぎり 梅 (2),140,8,0
1034,弁当 のり弁 (2),460,8,0
1035,チョコレート 50g (2),130,8,0
1036,クッキー 12枚 (2),190,8,0
1037,ポテトチップス 60g (2),150,8,0
1038,コーンスナック 60g (2),140,8,0
1039,オレンジジュース 500ml (2),160,8,0
1040,アップルジュース 500ml (2),160,8,0
1041,緑茶 500ml (2),130,8,0
1042,コーヒー 500ml (2),150,8,0
1043,ミネラルウォーター 500ml (2),110,8,0
1044,ヨーグルト 450g (2),110,8,0
1045,スライスチーズ 6枚 (2),260,8,0
1046,バター 200g (2),260,8,0
1047,しょうゆ 1L (2),310,8,0
1048,みそ 500g (2),360,8,0
1049,砂糖 1kg (2),260,8,0
1050,塩 500g (2),130,8,0
1051,米 2kg (2),1210,8,0
1052,パスタ 1袋 (2),210,8,0
1053,冷凍餃子 12個 (2),390,8,0
1054,冷凍ピザ 1枚 (2),510,8,0
1055,アイスクリーム バニラ (2),260,8,0
1056,即席味噌汁 10食 (2),110,8,0
1057,食パン 6枚入り (3),170,8,0
1058,牛乳 1000ml (3),220,8,0
1059,卵 10個パック (3),240,8,0
1060,カップラーメン 醤油 (3),170,8,0
1061,おにぎり 梅 (3),150,8,0
1062,弁当 のり弁 (3),470,8,0
1063,チョコレート 50g (3),140,8,0
1064,クッキー 12枚 (3),200,8,0
1065,ポテトチップス 60g (3),160,8,0
1066,コーンスナック 60g (3),150,8,0
1067,オレンジジュース 500ml (3),170,8,0
1068,アップルジュース 500ml (3),170,8,0
1069,緑茶 500ml (3),140,8,0
1070,コーヒー 500ml (3),160,8,0
1071,ミネラルウォーター 500ml (3),120,8,0
1072,ヨーグルト 450g (3),120,8,0
1073,スライスチーズ 6枚 (3),270,8,0
1074,バター 200g (3),270,8,0
1075,しょうゆ 1L (3),320,8,0
1076,みそ 500g (3),370,8,0
1077,砂糖 1kg (3),270,8,0
1078,塩 500g (3),140,8,0
1079,米 2kg (3),1220,8,0
1080,パスタ 1袋 (3),220,8,0
1081,冷凍餃子 12個 (3),400,8,0
1082,冷凍ピザ 1枚 (3),520,8,0
1083,アイスクリーム バニラ (3),270,8,0
1084,即席味噌汁 10食 (3),120,8,0
1085,食パン 6枚入り (4),180,8,0
1086,牛乳 1000ml (4),230,8,0
1087,卵 10個パック (4),250,8,0
1088,カップラーメン 醤油 (4),180,8,0
1089,おにぎり 梅 (4),160,8,0
1090,弁当 のり弁 (4),480,8,0
1091,チョコレート 50g (4),150,8,0
1092,クッキー 12枚 (4),210,8,0
1093,ポテトチップス 60g (4),170,8,0
1094,コーンスナック 60g (4),160,8,0
1095,オレンジジュース 500ml (4),180,8,0
1096,アップルジュース 500ml (4),180,8,0
1097,緑茶 500ml (4),150,8,0
1098,コーヒー 500ml (4),170,8,0
1099,ミネラルウォーター 500ml (4),130,8,0
1100,ヨーグルト 450g (4),130,8,0
1101,スライスチーズ 6枚 (4),280,8,0
1102,バター 200g (4),280,8,0
1103,しょうゆ 1L (4),330,8,0
1104,みそ 500g (4),380,8,0
1105,砂糖 1kg (4),280,8,0
1106,塩 500g (4),150,8,0
1107,米 2kg (4),1230,8,0
1108,パスタ 1袋 (4),230,8,0
1109,冷凍餃子 12個 (4),410,8,0
1110,冷凍ピザ 1枚 (4),530,8,0
1111,アイスクリーム バニラ (4),280,8,0
1112,即席味噌汁 10食 (4),130,8,0
1113,食パン 6枚入り (5),190,8,0
1114,牛乳 1000ml (5),240,8,0
1115,卵 10個パック (5),260,8,0
1116,カップラーメン 醤油 (5),190,8,0
1117,おにぎり 梅 (5),170,8,0
1118,弁当 のり弁 (5),490,8,0
1119,チョコレート 50g (5),160,8,0
1120,クッキー 12枚 (5),220,8,0
1121,ポテトチップス 60g (5),180,8,0
1122,コーンスナック 60g (5),170,8,0
1123,オレンジジュース 500ml (5),190,8,0
1124,アップルジュース 500ml (5),190,8,0
1125,緑茶 500ml (5),160,8,0
1126,コーヒー 500ml (5),180,8,0
1127,ミネラルウォーター 500ml (5),140,8,0
1128,ヨーグルト 450g (5),140,8,0
1129,スライスチーズ 6枚 (5),290,8,0
1130,バター 200g (5),290,8,0
1131,しょうゆ 1L (5),340,8,0
1132,みそ 500g (5),390,8,0
1133,砂糖 1kg (5),290,8,0
1134,塩 500g (5),160,8,0
1135,米 2kg (5),1240,8,0
1136,パスタ 1袋 (5),240,8,0
1137,冷凍餃子 12個 (5),420,8,0
1138,冷凍ピザ 1枚 (5),540,8,0
1139,アイスクリーム バニラ (5),290,8,0
1140,即席味噌汁 10食 (5),140,8,0
1141,食パン 6枚入り (6),150,8,0
1142,牛乳 1000ml (6),200,8,0
1143,卵 10個パック (6),220,8,0
1144,カップラーメン 醤油 (6),150,8,0
1145,おにぎり 梅 (6),130,8,0
1146,弁当 のり弁 (6),450,8,0
1147,チョコレート 50g (6),120,8,0
1148,クッキー 12枚 (6),180,8,0
1149,ポテトチップス 60g (6),140,8,0
1150,コーンスナック 60g (6),130,8,0
1151,オレンジジュース 500ml (6),150,8,0
1152,アップルジュース 500ml (6),150,8,0
1153,緑茶 500ml (6),120,8,0
1154,コーヒー 500ml (6),140,8,0
1155,ミネラルウォーター 500ml (6),100,8,0
1156,ヨーグルト 450g (6),100,8,0
1157,スライスチーズ 6枚 (6),250,8,0
1158,バター 200g (6),250,8,0
1159,しょうゆ 1L (6),300,8,0
1160,みそ 500g (6),350,8,0
1161,砂糖 1kg (6),250,8,0
1162,塩 500g (6),120,8,0
1163,米 2kg (6),1200,8,0
1164,パスタ 1袋 (6),200,8,0
1165,冷凍餃子 12個 (6),380,8,0
1166,冷凍ピザ 1枚 (6),500,8,0
1167,アイスクリーム バニラ (6),250,8,0
1168,即席味噌汁 10食 (6),100,8,0
1169,食パン 6枚入り (7),160,8,0
1170,牛乳 1000ml (7),210,8,0
1171,卵 10個パック (7),230,8,0
1172,カップラーメン 醤油 (7),160,8,0
1173,おにぎり 梅 (7),140,8,0
1174,弁当 のり弁 (7),460,8,0
1175,チョコレート 50g (7),130,8,0
1176,クッキー 12枚 (7),190,8,0
1177,ポテトチップス 60g (7),150,8,0
1178,コーンスナック 60g (7),140,8,0
1179,オレンジジュース 500ml (7),160,8,0
1180,アップルジュース 500ml (7),160,8,0
1181,緑茶 500ml (7),130,8,0
1182,コーヒー 500ml (7),150,8,0
1183,ミネラルウォーター 500ml (7),110,8,0
1184,ヨーグルト 450g (7),110,8,0
1185,スライスチーズ 6枚 (7),260,8,0
1186,バター 200g (7),260,8,0
1187,しょうゆ 1L (7),310,8,0
1188,みそ 500g (7),360,8,0
1189,砂糖 1kg (7),260,8,0
1190,塩 500g (7),130,8,0
1191,米 2kg (7),1210,8,0
1192,パスタ 1袋 (7),210,8,0
1193,冷凍餃子 12個 (7),390,8,0
1194,冷凍ピザ 1枚 (7),510,8,0
1195,アイスクリーム バニラ (7),260,8,0
1196,即席味噌汁 10食 (7),110,8,0
1197,食パン 6枚入り (8),170,8,0
1198,牛乳 1000ml (8),220,8,0
1199,卵 10個パック (8),240,8,0
1200,カップラーメン 醤油 (8),170,8,0
1201,おにぎり 梅 (8),150,8,0
1202,弁当 のり弁 (8),470,8,0
1203,チョコレート 50g (8),140,8,0
1204,クッキー 12枚 (8),200,8,0
1205,ポテトチップス 60g (8),160,8,0
1206,コーンスナック 60g (8),150,8,0
1207,オレンジジュース 500ml (8),170,8,0
1208,アップルジュース 500ml (8),170,8,0
1209,緑茶 500ml (8),140,8,0
1210,コーヒー 500ml (8),160,8,0
1211,ミネラルウォーター 500ml (8),120,8,0
1212,ヨーグルト 450g (8),120,8,0
1213,スライスチーズ 6枚 (8),270,8,0
1214,バター 200g (8),270,8,0
1215,しょうゆ 1L (8),320,8,0
1216,みそ 500g (8),370,8,0
1217,砂糖 1kg (8),270,8,0
1218,塩 500g (8),140,8,0
1219,米 2kg (8),1220,8,0
1220,パスタ 1袋 (8),220,8,0
1221,冷凍餃子 12個 (8),400,8,0
1222,冷凍ピザ 1枚 (8),520,8,0
1223,アイスクリーム バニラ (8),270,8,0
1224,即席味噌汁 10食 (8),120,8,0
1225,食パン 6枚入り (9),180,8,0
1226,牛乳 1000ml (9),230,8,0
1227,卵 10個パック (9),250,8,0
1228,カップラーメン 醤油 (9),180,8,0
1229,おにぎり 梅 (9),160,8,0
1230,弁当 のり弁 (9),480,8,0
1231,チョコレート 50g (9),150,8,0
1232,クッキー 12枚 (9),210,8,0
1233,ポテトチップス 60g (9),170,8,0
1234,コーンスナック 60g (9),160,8,0
1235,オレンジジュース 500ml (9),180,8,0
1236,アップルジュース 500ml (9),180,8,0
1237,緑茶 500ml (9),150,8,0
1238,コーヒー 500ml (9),170,8,0
1239,ミネラルウォーター 500ml (9),130,8,0
1240,ヨーグルト 450g (9),130,8,0
1241,スライスチーズ 6枚 (9),280,8,0
1242,バター 200g (9),280,8,0
1243,しょうゆ 1L (9),330,8,0
1244,みそ 500g (9),380,8,0
1245,砂糖 1kg (9),280,8,0
1246,塩 500g (9),150,8,0
1247,米 2kg (9),1230,8,0
1248,パスタ 1袋 (9),230,8,0
1249,冷凍餃子 12個 (9),410,8,0
1250,冷凍ピザ 1枚 (9),530,8,0
1251,アイスクリーム バニラ (9),280,8,0
1252,即席味噌汁 10食 (9),130,8,0
1253,食パン 6枚入り (10),190,8,0
1254,牛乳 1000ml (10),240,8,0
1255,卵 10個パック (10),260,8,0
1256,カップラーメン 醤油 (10),190,8,0
1257,おにぎり 梅 (10),170,8,0
1258,弁当 のり弁 (10),490,8,0
1259,チョコレート 50g (10),160,8,0
1260,クッキー 12枚 (10),220,8,0
1261,ポテトチップス 60g (10),180,8,0
1262,コーンスナック 60g (10),170,8,0
1263,オレンジジュース 500ml (10),190,8,0
1264,アップルジュース 500ml (10),190,8,0
1265,緑茶 500ml (10),160,8,0
1266,コーヒー 500ml (10),180,8,0
1267,ミネラルウォーター 500ml (10),140,8,0
1268,ヨーグルト 450g (10),140,8,0
1269,スライスチーズ 6枚 (10),290,8,0
1270,バター 200g (10),290,8,0
1271,しょうゆ 1L (10),340,8,0
1272,みそ 500g (10),390,8,0
1273,砂糖 1kg (10),290,8,0
1274,塩 500g (10),160,8,0
1275,米 2kg (10),1240,8,0
1276,パスタ 1袋 (10),240,8,0
1277,冷凍餃子 12個 (10),420,8,0
1278,冷凍ピザ 1枚 (10),540,8,0
1279,アイスクリーム バニラ (10),290,8,0
1280,即席味噌汁 10食 (10),140,8,0
1281,食パン 6枚入り (11),150,8,0
1282,牛乳 1000ml (11),200,8,0
1283,卵 10個パック (11),220,8,0
1284,カップラーメン 醤油 (11),150,8,0
1285,おにぎり 梅 (11),130,8,0
1286,弁当 のり弁 (11),450,8,0
1287,チョコレート 50g (11),120,8,0
1288,クッキー 12枚 (11),180,8,0
1289,ポテトチップス 60g (11),140,8,0
1290,コーンスナック 60g (11),130,8,0
1291,オレンジジュース 500ml (11),150,8,0
1292,アップルジュース 500ml (11),150,8,0
1293,緑茶 500ml (11),120,8,0
1294,コーヒー 500ml (11),140,8,0
1295,ミネラルウォーター 500ml (11),100,8,0
1296,ヨーグルト 450g (11),100,8,0
1297,スライスチーズ 6枚 (11),250,8,0
1298,バター 200g (11),250,8,0
1299,しょうゆ 1L (11),300,8,0
1300,みそ 500g (11),350,8,0
1301,砂糖 1kg (11),250,8,0
1302,塩 500g (11),120,8,0
1303,米 2kg (11),1200,8,0
1304,パスタ 1袋 (11),200,8,0
1305,冷凍餃子 12個 (11),380,8,0
1306,冷凍ピザ 1枚 (11),500,8,0
1307,アイスクリーム バニラ (11),250,8,0
1308,即席味噌汁 10食 (11),100,8,0
1309,食パン 6枚入り (12),160,8,0
1310,牛乳 1000ml (12),210,8,0
1311,卵 10個パック (12),230,8,0
1312,カップラーメン 醤油 (12),160,8,0
1313,おにぎり 梅 (12),140,8,0
1314,弁当 のり弁 (12),460,8,0
1315,チョコレート 50g (12),130,8,0
1316,クッキー 12枚 (12),190,8,0
1317,ポテトチップス 60g (12),150,8,0
1318,コーンスナック 60g (12),140,8,0
1319,オレンジジュース 500ml (12),160,8,0
1320,アップルジュース 500ml (12),160,8,0
1321,緑茶 500ml (12),130,8,0
1322,コーヒー 500ml (12),150,8,0
1323,ミネラルウォーター 500ml (12),110,8,0
1324,ヨーグルト 450g (12),110,8,0
1325,スライスチーズ 6枚 (12),260,8,0
1326,バター 200g (12),260,8,0
1327,しょうゆ 1L (12),310,8,0
1328,みそ 500g (12),360,8,0
1329,砂糖 1kg (12),260,8,0
1330,塩 500g (12),130,8,0
1331,米 2kg (12),1210,8,0
1332,パスタ 1袋 (12),210,8,0
1333,冷凍餃子 12個 (12),390,8,0
1334,冷凍ピザ 1枚 (12),510,8,0
1335,アイスクリーム バニラ (12),260,8,0
1336,即席味噌汁 10食 (12),110,8,0
1337,食パン 6枚入り (13),170,8,0
1338,牛乳 1000ml (13),220,8,0
1339,卵 10個パック (13),240,8,0
1340,カップラーメン 醤油 (13),170,8,0
1341,おにぎり 梅 (13),150,8,0
1342,弁当 のり弁 (13),470,8,0
1343,チョコレート 50g (13),140,8,0
1344,クッキー 12枚 (13),200,8,0
1345,ポテトチップス 60g (13),160,8,0
1346,コーンスナック 60g (13),150,8,0
1347,オレンジジュース 500ml (13),170,8,0
1348,アップルジュース 500ml (13),170,8,0
1349,緑茶 500ml (13),140,8,0
1350,コーヒー 500ml (13),160,8,0
1351,ミネラルウォーター 500ml (13),120,8,0
1352,ヨーグルト 450g (13),120,8,0
1353,スライスチーズ 6枚 (13),270,8,0
1354,バター 200g (13),270,8,0
1355,しょうゆ 1L (13),320,8,0
1356,みそ 500g (13),370,8,0
1357,砂糖 1kg (13),270,8,0
1358,塩 500g (13),140,8,0
1359,米 2kg (13),1220,8,0
1360,パスタ 1袋 (13),220,8,0
1361,冷凍餃子 12個 (13),400,8,0
1362,冷凍ピザ 1枚 (13),520,8,0
1363,アイスクリーム バニラ (13),270,8,0
1364,即席味噌汁 10食 (13),120,8,0
1365,食パン 6枚入り (14),180,8,0
1366,牛乳 1000ml (14),230,8,0
1367,卵 10個パック (14),250,8,0
1368,カップラーメン 醤油 (14),180,8,0
1369,おにぎり 梅 (14),160,8,0
1370,弁当 のり弁 (14),480,8,0
1371,チョコレート 50g (14),150,8,0
1372,クッキー 12枚 (14),210,8,0
1373,ポテトチップス 60g (14),170,8,0
1374,コーンスナック 60g (14),160,8,0
1375,オレンジジュース 500ml (14),180,8,0
1376,アップルジュース 500ml (14),180,8,0
1377,緑茶 500ml (14),150,8,0
1378,コーヒー 500ml (14),170,8,0
1379,ミネラルウォーター 500ml (14),130,8,0
1380,ヨーグルト 450g (14),130,8,0
1381,スライスチーズ 6枚 (14),280,8,0
1382,バター 200g (14),280,8,0
1383,しょうゆ 1L (14),330,8,0
1384,みそ 500g (14),380,8,0
1385,砂糖 1kg (14),280,8,0
1386,塩 500g (14),150,8,0
1387,米 2kg (14),1230,8,0
1388,パスタ 1袋 (14),230,8,0
1389,冷凍餃子 12個 (14),410,8,0
1390,冷凍ピザ 1枚 (14),530,8,0
1391,アイスクリーム バニラ (14),280,8,0
1392,即席味噌汁 10食 (14),130,8,0
1393,食パン 6枚入り (15),190,8,0
1394,牛乳 1000ml (15),240,8,0
1395,卵 10個パック (15),260,8,0
1396,カップラーメン 醤油 (15),190,8,0
1397,おにぎり 梅 (15),170,8,0
1398,弁当 のり弁 (15),490,8,0
1399,チョコレート 50g (15),160,8,0
1400,クッキー 12枚 (15),220,8,0
1401,ポテトチップス 60g (15),180,8,0
1402,コーンスナック 60g (15),170,8,0
1403,オレンジジュース 500ml (15),190,8,0
1404,アップルジュース 500ml (15),190,8,0
1405,緑茶 500ml (15),160,8,0
1406,コーヒー 500ml (15),180,8,0
1407,ミネラルウォーター 500ml (15),140,8,0
1408,ヨーグルト 450g (15),140,8,0
1409,スライスチーズ 6枚 (15),290,8,0
1410,バター 200g (15),290,8,0
1411,しょうゆ 1L (15),340,8,0
1412,みそ 500g (15),390,8,0
1413,砂糖 1kg (15),290,8,0
1414,塩 500g (15),160,8,0
1415,米 2kg (15),1240,8,0
1416,パスタ 1袋 (15),240,8,0
1417,冷凍餃子 12個 (15),420,8,0
1418,冷凍ピザ 1枚 (15),540,8,0
1419,アイスクリーム バニラ (15),290,8,0
1420,即席味噌汁 10食 (15),140,8,0
1421,食パン 6枚入り (16),150,8,0
1422,牛乳 1000ml (16),200,8,0
1423,卵 10個パック (16),220,8,0
1424,カップラーメン 醤油 (16),150,8,0
1425,おにぎり 梅 (16),130,8,0
1426,弁当 のり弁 (16),450,8,0
1427,チョコレート 50g (16),120,8,0
1428,クッキー 12枚 (16),180,8,0
1429,ポテトチップス 60g (16),140,8,0
1430,コーンスナック 60g (16),130,8,0
1431,オレンジジュース 500ml (16),150,8,0
1432,アップルジュース 500ml (16),150,8,0
1433,緑茶 500ml (16),120,8,0
1434,コーヒー 500ml (16),140,8,0
1435,ミネラルウォーター 500ml (16),100,8,0
1436,ヨーグルト 450g (16),100,8,0
1437,スライスチーズ 6枚 (16),250,8,0
1438,バター 200g (16),250,8,0
1439,しょうゆ 1L (16),300,8,0
1440,みそ 500g (16),350,8,0
1441,砂糖 1kg (16),250,8,0
1442,塩 500g (16),120,8,0
1443,米 2kg (16),1200,8,0
1444,パスタ 1袋 (16),200,8,0
1445,冷凍餃子 12個 (16),380,8,0
1446,冷凍ピザ 1枚 (16),500,8,0
1447,アイスクリーム バニラ (16),250,8,0
1448,即席味噌汁 10食 (16),100,8,0
1449,食パン 6枚入り (17),160,8,0
1450,牛乳 1000ml (17),210,8,0
1451,卵 10個パック (17),230,8,0
1452,カップラーメン 醤油 (17),160,8,0
1453,おにぎり 梅 (17),140,8,0
1454,弁当 のり弁 (17),460,8,0
1455,チョコレート 50g (17),130,8,0
1456,クッキー 12枚 (17),190,8,0
1457,ポテトチップス 60g (17),150,8,0
1458,コーンスナック 60g (17),140,8,0
1459,オレンジジュース 500ml (17),160,8,0
1460,アップルジュース 500ml (17),160,8,0
1461,緑茶 500ml (17),130,8,0
1462,コーヒー 500ml (17),150,8,0
1463,ミネラルウォーター 500ml (17),110,8,0
1464,ヨーグルト 450g (17),110,8,0
1465,スライスチーズ 6枚 (17),260,8,0
1466,バター 200g (17),260,8,0
1467,しょうゆ 1L (17),310,8,0
1468,みそ 500g (17),360,8,0
1469,砂糖 1kg (17),260,8,0
1470,塩 500g (17),130,8,0
1471,米 2kg (17),1210,8,0
1472,パスタ 1袋 (17),210,8,0
1473,冷凍餃子 12個 (17),390,8,0
1474,冷凍ピザ 1枚 (17),510,8,0
1475,アイスクリーム バニラ (17),260,8,0
1476,即席味噌汁 10食 (17),110,8,0
1477,食パン 6枚入り (18),170,8,0
1478,牛乳 1000ml (18),220,8,0
1479,卵 10個パック (18),240,8,0
1480,カップラーメン 醤油 (18),170,8,0
1481,おにぎり 梅 (18),150,8,0
1482,弁当 のり弁 (18),470,8,0
1483,チョコレート 50g (18),140,8,0
1484,クッキー 12枚 (18),200,8,0
1485,ポテトチップス 60g (18),160,8,0
1486,コーンスナック 60g (18),150,8,0
1487,オレンジジュース 500ml (18),170,8,0
1488,アップルジュース 500ml (18),170,8,0
1489,緑茶 500ml (18),140,8,0
1490,コーヒー 500ml (18),160,8,0
1491,ミネラルウォーター 500ml (18),120,8,0
1492,ヨーグルト 450g (18),120,8,0
1493,スライスチーズ 6枚 (18),270,8,0
1494,バター 200g (18),270,8,0
1495,しょうゆ 1L (18),320,8,0
1496,みそ 500g (18),370,8,0
1497,砂糖 1kg (18),270,8,0
1498,塩 500g (18),140,8,0
1499,米 2kg (18),1220,8,0
1500,パスタ 1袋 (18),220,8,0
1501,冷凍餃子 12個 (18),400,8,0
1502,冷凍ピザ 1枚 (18),520,8,0
1503,アイスクリーム バニラ (18),270,8,0
1504,即席味噌汁 10食 (18),120,8,0
1505,食パン 6枚入り (19),180,8,0
1506,牛乳 1000ml (19),230,8,0
1507,卵 10個パック (19),250,8,0
1508,カップラーメン 醤油 (19),180,8,0
1509,おにぎり 梅 (19),160,8,0
1510,弁当 のり弁 (19),480,8,0
1511,チョコレート 50g (19),150,8,0
1512,クッキー 12枚 (19),210,8,0
1513,ポテトチップス 60g (19),170,8,0
1514,コーンスナック 60g (19),160,8,0
1515,オレンジジュース 500ml (19),180,8,0
1516,アップルジュース 500ml (19),180,8,0
1517,緑茶 500ml (19),150,8,0
1518,コーヒー 500ml (19),170,8,0
1519,ミネラルウォーター 500ml (19),130,8,0
1520,ヨーグルト 450g (19),130,8,0
1521,スライスチーズ 6枚 (19),280,8,0
1522,バター 200g (19),280,8,0
1523,しょうゆ 1L (19),330,8,0
1524,みそ 500g (19),380,8,0
1525,砂糖 1kg (19),280,8,0
1526,塩 500g (19),150,8,0
1527,米 2kg (19),1230,8,0
1528,パスタ 1袋 (19),230,8,0
1529,冷凍餃子 12個 (19),410,8,0
1530,冷凍ピザ 1枚 (19),530,8,0
1531,アイスクリーム バニラ (19),280,8,0
1532,即席味噌汁 10食 (19),130,8,0
1533,食パン 6枚入り (20),190,8,0
1534,牛乳 1000ml (20),240,8,0
1535,卵 10個パック (20),260,8,0
1536,カップラーメン 醤油 (20),190,8,0
1537,おにぎり 梅 (20),170,8,0
1538,弁当 のり弁 (20),490,8,0
1539,チョコレート 50g (20),160,8,0
1540,クッキー 12枚 (20),220,8,0
1541,ポテトチップス 60g (20),180,8,0
1542,コーンスナック 60g (20),170,8,0
1543,オレンジジュース 500ml (20),190,8,0
1544,アップルジュース 500ml (20),190,8,0
1545,緑茶 500ml (20),160,8,0
1546,コーヒー 500ml (20),180,8,0
1547,ミネラルウォーター 500ml (20),140,8,0
1548,ヨーグルト 450g (20),140,8,0
1549,スライスチーズ 6枚 (20),290,8,0
1550,バター 200g (20),290,8,0
1551,しょうゆ 1L (20),340,8,0
1552,みそ 500g (20),390,8,0
1553,砂糖 1kg (20),290,8,0
1554,塩 500g (20),160,8,0
1555,米 2kg (20),1240,8,0
1556,パスタ 1袋 (20),240,8,0
1557,冷凍餃子 12個 (20),420,8,0
1558,冷凍ピザ 1枚 (20),540,8,0
1559,アイスクリーム バニラ (20),290,8,0
1560,即席味噌汁 10食 (20),140,8,0
1561,食パン 6枚入り (21),150,8,0
1562,牛乳 1000ml (21),200,8,0
1563,卵 10個パック (21),220,8,0
1564,カップラーメン 醤油 (21),150,8,0
1565,おにぎり 梅 (21),130,8,0
1566,弁当 のり弁 (21),450,8,0
1567,チョコレート 50g (21),120,8,0
1568,クッキー 12枚 (21),180,8,0
1569,ポテトチップス 60g (21),140,8,0
1570,コーンスナック 60g (21),130,8,0
1571,オレンジジュース 500ml (21),150,8,0
1572,アップルジュース 500ml (21),150,8,0
1573,緑茶 500ml (21),120,8,0
1574,コーヒー 500ml (21),140,8,0
1575,ミネラルウォーター 500ml (21),100,8,0
1576,ヨーグルト 450g (21),100,8,0
1577,スライスチーズ 6枚 (21),250,8,0
1578,バター 200g (21),250,8,0
1579,しょうゆ 1L (21),300,8,0
1580,みそ 500g (21),350,8,0
1581,砂糖 1kg (21),250,8,0
1582,塩 500g (21),120,8,0
1583,米 2kg (21),1200,8,0
1584,パスタ 1袋 (21),200,8,0
1585,冷凍餃子 12個 (21),380,8,0
1586,冷凍ピザ 1枚 (21),500,8,0
1587,アイスクリーム バニラ (21),250,8,0
1588,即席味噌汁 10食 (21),100,8,0
1589,食パン 6枚入り (22),160,8,0
1590,牛乳 1000ml (22),210,8,0
1591,卵 10個パック (22),230,8,0
1592,カップラーメン 醤油 (22),160,8,0
1593,おにぎり 梅 (22),140,8,0
1594,弁当 のり弁 (22),460,8,0
1595,チョコレート 50g (22),130,8,0
1596,クッキー 12枚 (22),190,8,0
1597,ポテトチップス 60g (22),150,8,0
1598,コーンスナック 60g (22),140,8,0
1599,オレンジジュース 500ml (22),160,8,0
1600,アップルジュース 500ml (22),160,8,0
1601,緑茶 500ml (22),130,8,0
1602,コーヒー 500ml (22),150,8,0
1603,ミネラルウォーター 500ml (22),110,8,0
1604,ヨーグルト 450g (22),110,8,0
1605,スライスチーズ 6枚 (22),260,8,0
1606,バター 200g (22),260,8,0
1607,しょうゆ 1L (22),310,8,0
1608,みそ 500g (22),360,8,0
1609,砂糖 1kg (22),260,8,0
1610,塩 500g (22),130,8,0
1611,米 2kg (22),1210,8,0
1612,パスタ 1袋 (22),210,8,0
1613,冷凍餃子 12個 (22),390,8,0
1614,冷凍ピザ 1枚 (22),510,8,0
1615,アイスクリーム バニラ (22),260,8,0
1616,即席味噌汁 10食 (22),110,8,0
1617,食パン 6枚入り (23),170,8,0
1618,牛乳 1000ml (23),220,8,0
1619,卵 10個パック (23),240,8,0
1620,カップラーメン 醤油 (23),170,8,0
1621,おにぎり 梅 (23),150,8,0
1622,弁当 のり弁 (23),470,8,0
1623,チョコレート 50g (23),140,8,0
1624,クッキー 12枚 (23),200,8,0
1625,ポテトチップス 60g (23),160,8,0
1626,コーンスナック 60g (23),150,8,0
1627,オレンジジュース 500ml (23),170,8,0
1628,アップルジュース 500ml (23),170,8,0
1629,緑茶 500ml (23),140,8,0
1630,コーヒー 500ml (23),160,8,0
1631,ミネラルウォーター 500ml (23),120,8,0
1632,ヨーグルト 450g (23),120,8,0
1633,スライスチーズ 6枚 (23),270,8,0
1634,バター 200g (23),270,8,0
1635,しょうゆ 1L (23),320,8,0
1636,みそ 500g (23),370,8,0
1637,砂糖 1kg (23),270,8,0
1638,塩 500g (23),140,8,0
1639,米 2kg (23),1220,8,0
1640,パスタ 1袋 (23),220,8,0
1641,冷凍餃子 12個 (23),400,8,0
1642,冷凍ピザ 1枚 (23),520,8,0
1643,アイスクリーム バニラ (23),270,8,0
1644,即席味噌汁 10食 (23),120,8,0
1645,食パン 6枚入り (24),180,8,0
1646,牛乳 1000ml (24),230,8,0
1647,卵 10個パック (24),250,8,0
1648,カップラーメン 醤油 (24),180,8,0
1649,おにぎり 梅 (24),160,8,0
1650,弁当 のり弁 (24),480,8,0
1651,チョコレート 50g (24),150,8,0
1652,クッキー 12枚 (24),210,8,0
1653,ポテトチップス 60g (24),170,8,0
1654,コーンスナック 60g (24),160,8,0
1655,オレンジジュース 500ml (24),180,8,0
1656,アップルジュース 500ml (24),180,8,0
1657,緑茶 500ml (24),150,8,0
1658,コーヒー 500ml (24),170,8,0
1659,ミネラルウォーター 500ml (24),130,8,0
1660,ヨーグルト 450g (24),130,8,0
1661,スライスチーズ 6枚 (24),280,8,0
1662,バター 200g (24),280,8,0
1663,しょうゆ 1L (24),330,8,0
1664,みそ 500g (24),380,8,0
1665,砂糖 1kg (24),280,8,0
1666,塩 500g (24),150,8,0
1667,米 2kg (24),1230,8,0
1668,パスタ 1袋 (24),230,8,0
1669,冷凍餃子 12個 (24),410,8,0
1670,冷凍ピザ 1枚 (24),530,8,0
1671,アイスクリーム バニラ (24),280,8,0
1672,即席味噌汁 10食 (24),130,8,0
1673,食パン 6枚入り (25),190,8,0
1674,牛乳 1000ml (25),240,8,0
1675,卵 10個パック (25),260,8,0
1676,カップラーメン 醤油 (25),190,8,0
1677,おにぎり 梅 (25),170,8,0
1678,弁当 のり弁 (25),490,8,0
1679,チョコレート 50g (25),160,8,0
1680,クッキー 12枚 (25),220,8,0
1681,ポテトチップス 60g (25),180,8,0
1682,コーンスナック 60g (25),170,8,0
1683,オレンジジュース 500ml (25),190,8,0
1684,アップルジュース 500ml (25),190,8,0
1685,緑茶 500ml (25),160,8,0
1686,コーヒー 500ml (25),180,8,0
1687,ミネラルウォーター 500ml (25),140,8,0
1688,ヨーグルト 450g (25),140,8,0
1689,スライスチーズ 6枚 (25),290,8,0
1690,バター 200g (25),290,8,0
1691,しょうゆ 1L (25),340,8,0
1692,みそ 500g (25),390,8,0
1693,砂糖 1kg (25),290,8,0
1694,塩 500g (25),160,8,0
1695,米 2kg (25),1240,8,0
1696,パスタ 1袋 (25),240,8,0
1697,冷凍餃子 12個 (25),420,8,0
1698,冷凍ピザ 1枚 (25),540,8,0
1699,アイスクリーム バニラ (25),290,8,0
1700,即席味噌汁 10食 (25),140,8,0
1701,食パン 6枚入り (26),150,8,0
1702,牛乳 1000ml (26),200,8,0
1703,卵 10個パック (26),220,8,0
1704,カップラーメン 醤油 (26),150,8,0
1705,おにぎり 梅 (26),130,8,0
1706,弁当 のり弁 (26),450,8,0
1707,チョコレート 50g (26),120,8,0
1708,クッキー 12枚 (26),180,8,0
1709,ポテトチップス 60g (26),140,8,0
1710,コーンスナック 60g (26),130,8,0
1711,オレンジジュース 500ml (26),150,8,0
1712,アップルジュース 500ml (26),150,8,0
1713,緑茶 500ml (26),120,8,0
1714,コーヒー 500ml (26),140,8,0
1715,ミネラルウォーター 500ml (26),100,8,0
1716,ヨーグルト 450g (26),100,8,0
1717,スライスチーズ 6枚 (26),250,8,0
1718,バター 200g (26),250,8,0
1719,しょうゆ 1L (26),300,8,0
1720,みそ 500g (26),350,8,0
1721,砂糖 1kg (26),250,8,0
1722,塩 500g (26),120,8,0
1723,米 2kg (26),1200,8,0
1724,パスタ 1袋 (26),200,8,0
1725,冷凍餃子 12個 (26),380,8,0
1726,冷凍ピザ 1枚 (26),500,8,0
1727,アイスクリーム バニラ (26),250,8,0
1728,即席味噌汁 10食 (26),100,8,0
1729,食パン 6枚入り (27),160,8,0
1730,牛乳 1000ml (27),210,8,0
1731,卵 10個パック (27),230,8,0
1732,カップラーメン 醤油 (27),160,8,0
1733,おにぎり 梅 (27),140,8,0
1734,弁当 のり弁 (27),460,8,0
1735,チョコレート 50g (27),130,8,0
1736,クッキー 12枚 (27),190,8,0
1737,ポテトチップス 60g (27),150,8,0
1738,コーンスナック 60g (27),140,8,0
1739,オレンジジュース 500ml (27),160,8,0
1740,アップルジュース 500ml (27),160,8,0
1741,緑茶 500ml (27),130,8,0
1742,コーヒー 500ml (27),150,8,0
1743,ミネラルウォーター 500ml (27),110,8,0
1744,ヨーグルト 450g (27),110,8,0
1745,スライスチーズ 6枚 (27),260,8,0
1746,バター 200g (27),260,8,0
1747,しょうゆ 1L (27),310,8,0
1748,みそ 500g (27),360,8,0
1749,砂糖 1kg (27),260,8,0
1750,塩 500g (27),130,8,0
1751,米 2kg (27),1210,8,0
1752,パスタ 1袋 (27),210,8,0
1753,冷凍餃子 12個 (27),390,8,0
1754,冷凍ピザ 1枚 (27),510,8,0
1755,アイスクリーム バニラ (27),260,8,0
1756,即席味噌汁 10食 (27),110,8,0
1757,食パン 6枚入り (28),170,8,0
1758,牛乳 1000ml (28),220,8,0
1759,卵 10個パック (28),240,8,0
1760,カップラーメン 醤油 (28),170,8,0
1761,おにぎり 梅 (28),150,8,0
1762,弁当 のり弁 (28),470,8,0
1763,チョコレート 50g (28),140,8,0
1764,クッキー 12枚 (28),200,8,0
1765,ポテトチップス 60g (28),160,8,0
1766,コーンスナック 60g (28),150,8,0
1767,オレンジジュース 500ml (28),170,8,0
1768,アップルジュース 500ml (28),170,8,0
1769,緑茶 500ml (28),140,8,0
1770,コーヒー 500ml (28),160,8,0
1771,ミネラルウォーター 500ml (28),120,8,0
1772,ヨーグルト 450g (28),120,8,0
1773,スライスチーズ 6枚 (28),270,8,0
1774,バター 200g (28),270,8,0
1775,しょうゆ 1L (28),320,8,0
1776,みそ 500g (28),370,8,0
1777,砂糖 1kg (28),270,8,0
1778,塩 500g (28),140,8,0
1779,米 2kg (28),1220,8,0
1780,パスタ 1袋 (28),220,8,0
1781,冷凍餃子 12個 (28),400,8,0
1782,冷凍ピザ 1枚 (28),520,8,0
1783,アイスクリーム バニラ (28),270,8,0
1784,即席味噌汁 10食 (28),120,8,0
1785,食パン 6枚入り (29),180,8,0
1786,牛乳 1000ml (29),230,8,0
1787,卵 10個パック (29),250,8,0
1788,カップラーメン 醤油 (29),180,8,0
1789,おにぎり 梅 (29),160,8,0
1790,弁当 のり弁 (29),480,8,0
1791,チョコレート 50g (29),150,8,0
1792,クッキー 12枚 (29),210,8,0
1793,ポテトチップス 60g (29),170,8,0
1794,コーンスナック 60g (29),160,8,0
1795,オレンジジュース 500ml (29),180,8,0
1796,アップルジュース 500ml (29),180,8,0
1797,緑茶 500ml (29),150,8,0
1798,コーヒー 500ml (29),170,8,0
1799,ミネラルウォーター 500ml (29),130,8,0
1800,ヨーグルト 450g (29),130,8,0
1801,スライスチーズ 6枚 (29),280,8,0
1802,バター 200g (29),280,8,0
1803,しょうゆ 1L (29),330,8,0
1804,みそ 500g (29),380,8,0
1805,砂糖 1kg (29),280,8,0
1806,塩 500g (29),150,8,0
1807,米 2kg (29),1230,8,0
1808,パスタ 1袋 (29),230,8,0
1809,冷凍餃子 12個 (29),410,8,0
1810,冷凍ピザ 1枚 (29),530,8,0
1811,アイスクリーム バニラ (29),280,8,0
1812,即席味噌汁 10食 (29),130,8,0
1813,食パン 6枚入り (30),190,8,0
1814,牛乳 1000ml (30),240,8,0
1815,卵 10個パック (30),260,8,0
1816,カップラーメン 醤油 (30),190,8,0
1817,おにぎり 梅 (30),170,8,0
1818,弁当 のり弁 (30),490,8,0
1819,チョコレート 50g (30),160,8,0
1820,クッキー 12枚 (30),220,8,0
1821,ポテトチップス 60g (30),180,8,0
1822,コーンスナック 60g (30),170,8,0
1823,オレンジジュース 500ml (30),190,8,0
1824,アップルジュース 500ml (30),190,8,0
1825,緑茶 500ml (30),160,8,0
1826,コーヒー 500ml (30),180,8,0
1827,ミネラルウォーター 500ml (30),140,8,0
1828,ヨーグルト 450g (30),140,8,0
1829,スライスチーズ 6枚 (30),290,8,0
1830,バター 200g (30),290,8,0
1831,しょうゆ 1L (30),340,8,0
1832,みそ 500g (30),390,8,0
1833,砂糖 1kg (30),290,8,0
1834,塩 500g (30),160,8,0
1835,米 2kg (30),1240,8,0
1836,パスタ 1袋 (30),240,8,0
1837,冷凍餃子 12個 (30),420,8,0
1838,冷凍ピザ 1枚 (30),540,8,0
1839,アイスクリーム バニラ (30),290,8,0
1840,即席味噌汁 10食 (30),140,8,0
1841,食パン 6枚入り (31),150,8,0
1842,牛乳 1000ml (31),200,8,0
1843,卵 10個パック (31),220,8,0
1844,カップラーメン 醤油 (31),150,8,0
1845,おにぎり 梅 (31),130,8,0
1846,弁当 のり弁 (31),450,8,0
1847,チョコレート 50g (31),120,8,0
1848,クッキー 12枚 (31),180,8,0
1849,ポテトチップス 60g (31),140,8,0
1850,コーンスナック 60g (31),130,8,0
1851,オレンジジュース 500ml (31),150,8,0
1852,アップルジュース 500ml (31),150,8,0
1853,緑茶 500ml (31),120,8,0
1854,コーヒー 500ml (31),140,8,0
1855,ミネラルウォーター 500ml (31),100,8,0
1856,ヨーグルト 450g (31),100,8,0
1857,スライスチーズ 6枚 (31),250,8,0
1858,バター 200g (31),250,8,0
1859,しょうゆ 1L (31),300,8,0
1860,みそ 500g (31),350,8,0
1861,砂糖 1kg (31),250,8,0
1862,塩 500g (31),120,8,0
1863,米 2kg (31),1200,8,0
1864,パスタ 1袋 (31),200,8,0
1865,冷凍餃子 12個 (31),380,8,0
1866,冷凍ピザ 1枚 (31),500,8,0
1867,アイスクリーム バニラ (31),250,8,0
1868,即席味噌汁 10食 (31),100,8,0
1869,食パン 6枚入り (32),160,8,0
1870,牛乳 1000ml (32),210,8,0
1871,卵 10個パック (32),230,8,0
1872,カップラーメン 醤油 (32),160,8,0
1873,おにぎり 梅 (32),140,8,0
1874,弁当 のり弁 (32),460,8,0
1875,チョコレート 50g (32),130,8,0
1876,クッキー 12枚 (32),190,8,0
1877,ポテトチップス 60g (32),150,8,0
1878,コーンスナック 60g (32),140,8,0
1879,オレンジジュース 500ml (32),160,8,0
1880,アップルジュース 500ml (32),160,8,0
1881,緑茶 500ml (32),130,8,0
1882,コーヒー 500ml (32),150,8,0
1883,ミネラルウォーター 500ml (32),110,8,0
1884,ヨーグルト 450g (32),110,8,0
1885,スライスチーズ 6枚 (32),260,8,0
1886,バター 200g (32),260,8,0
1887,しょうゆ 1L (32),310,8,0
1888,みそ 500g (32),360,8,0
1889,砂糖 1kg (32),260,8,0
1890,塩 500g (32),130,8,0
1891,米 2kg (32),1210,8,0
1892,パスタ 1袋 (32),210,8,0
1893,冷凍餃子 12個 (32),390,8,0
1894,冷凍ピザ 1枚 (32),510,8,0
1895,アイスクリーム バニラ (32),260,8,0
1896,即席味噌汁 10食 (32),110,8,0
1897,食パン 6枚入り (33),170,8,0
1898,牛乳 1000ml (33),220,8,0
1899,卵 10個パック (33),240,8,0
1900,カップラーメン 醤油 (33),170,8,0
1901,おにぎり 梅 (33),150,8,0
1902,弁当 のり弁 (33),470,8,0
1903,チョコレート 50g (33),140,8,0
1904,クッキー 12枚 (33),200,8,0
1905,ポテトチップス 60g (33),160,8,0
1906,コーンスナック 60g (33),150,8,0
1907,オレンジジュース 500ml (33),170,8,0
1908,アップルジュース 500ml (33),170,8,0
1909,緑茶 500ml (33),140,8,0
1910,コーヒー 500ml (33),160,8,0
1911,ミネラルウォーター 500ml (33),120,8,0
1912,ヨーグルト 450g (33),120,8,0
1913,スライスチーズ 6枚 (33),270,8,0
1914,バター 200g (33),270,8,0
1915,しょうゆ 1L (33),320,8,0
1916,みそ 500g (33),370,8,0
1917,砂糖 1kg (33),270,8,0
1918,塩 500g (33),140,8,0
1919,米 2kg (33),1220,8,0
1920,パスタ 1袋 (33),220,8,0
1921,冷凍餃子 12個 (33),400,8,0
1922,冷凍ピザ 1枚 (33),520,8,0
1923,アイスクリーム バニラ (33),270,8,0
1924,即席味噌汁 10食 (33),120,8,0
1925,食パン 6枚入り (34),180,8,0
1926,牛乳 1000ml (34),230,8,0
1927,卵 10個パック (34),250,8,0
1928,カップラーメン 醤油 (34),180,8,0
1929,おにぎり 梅 (34),160,8,0
1930,弁当 のり弁 (34),480,8,0
1931,チョコレート 50g (34),150,8,0
1932,クッキー 12枚 (34),210,8,0
1933,ポテトチップス 60g (34),170,8,0
1934,コーンスナック 60g (34),160,8,0
1935,オレンジジュース 500ml (34),180,8,0
1936,アップルジュース 500ml (34),180,8,0
1937,緑茶 500ml (34),150,8,0
1938,コーヒー 500ml (34),170,8,0
1939,ミネラルウォーター 500ml (34),130,8,0
1940,ヨーグルト 450g (34),130,8,0
1941,スライスチーズ 6枚 (34),280,8,0
1942,バター 200g (34),280,8,0
1943,しょうゆ 1L (34),330,8,0
1944,みそ 500g (34),380,8,0
1945,砂糖 1kg (34),280,8,0
1946,塩 500g (34),150,8,0
1947,米 2kg (34),1230,8,0
1948,パスタ 1袋 (34),230,8,0
1949,冷凍餃子 12個 (34),410,8,0
1950,冷凍ピザ 1枚 (34),530,8,0
1951,アイスクリーム バニラ (34),280,8,0
1952,即席味噌汁 10食 (34),130,8,0
1953,食パン 6枚入り (35),190,8,0
1954,牛乳 1000ml (35),240,8,0
1955,卵 10個パック (35),260,8,0
1956,カップラーメン 醤油 (35),190,8,0
1957,おにぎり 梅 (35),170,8,0
1958,弁当 のり弁 (35),490,8,0
1959,チョコレート 50g (35),160,8,0
1960,クッキー 12枚 (35),220,8,0
1961,ポテトチップス 60g (35),180,8,0
1962,コーンスナック 60g (35),170,8,0
1963,オレンジジュース 500ml (35),190,8,0
1964,アップルジュース 500ml (35),190,8,0
1965,緑茶 500ml (35),160,8,0
1966,コーヒー 500ml (35),180,8,0
1967,ミネラルウォーター 500ml (35),140,8,0
1968,ヨーグルト 450g (35),140,8,0
1969,スライスチーズ 6枚 (35),290,8,0
1970,バター 200g (35),290,8,0
1971,しょうゆ 1L (35),340,8,0
1972,みそ 500g (35),390,8,0
1973,砂糖 1kg (35),290,8,0
1974,塩 500g (35),160,8,0
1975,米 2kg (35),1240,8,0
1976,パスタ 1袋 (35),240,8,0
1977,冷凍餃子 12個 (35),420,8,0
1978,冷凍ピザ 1枚 (35),540,8,0
1979,アイスクリーム バニラ (35),290,8,0
1980,即席味噌汁 10食 (35),140,8,0
1981,食パン 6枚入り (36),150,8,0
1982,牛乳 1000ml (36),200,8,0
1983,卵 10個パック (36),220,8,0
1984,カップラーメン 醤油 (36),150,8,0
1985,おにぎり 梅 (36),130,8,0
1986,弁当 のり弁 (36),450,8,0
1987,チョコレート 50g (36),120,8,0
1988,クッキー 12枚 (36),180,8,0
1989,ポテトチップス 60g (36),140,8,0
1990,コーンスナック 60g (36),130,8,0
1991,オレンジジュース 500ml (36),150,8,0
1992,アップルジュース 500ml (36),150,8,0
1993,緑茶 500ml (36),120,8,0
1994,コーヒー 500ml (36),140,8,0
1995,ミネラルウォーター 500ml (36),100,8,0
1996,ヨーグルト 450g (36),100,8,0
1997,スライスチーズ 6枚 (36),250,8,0
1998,バター 200g (36),250,8,0
1999,しょうゆ 1L (36),300,8,0
2000,みそ 500g (36),350,8,0
2001,砂糖 1kg (36),250,8,0
2002,塩 500g (36),120,8,0
2003,米 2kg (36),1200,8,0
2004,パスタ 1袋 (36),200,8,0
2005,冷凍餃子 12個 (36),380,8,0
2006,冷凍ピザ 1枚 (36),500,8,0
2007,アイスクリーム バニラ (36),250,8,0
2008,即席味噌汁 10食 (36),100,8,0
2009,食パン 6枚入り (37),160,8,0
2010,牛乳 1000ml (37),210,8,0
2011,卵 10個パック (37),230,8,0
2012,カップラーメン 醤油 (37),160,8,0
2013,おにぎり 梅 (37),140,8,0
2014,弁当 のり弁 (37),460,8,0
2015,チョコレート 50g (37),130,8,0
2016,クッキー 12枚 (37),190,8,0
2017,ポテトチップス 60g (37),150,8,0
2018,コーンスナック 60g (37),140,8,0
2019,オレンジジュース 500ml (37),160,8,0
2020,アップルジュース 500ml (37),160,8,0
2021,緑茶 500ml (37),130,8,0
2022,コーヒー 500ml (37),150,8,0
2023,ミネラルウォーター 500ml (37),110,8,0
2024,ヨーグルト 450g (37),110,8,0
2025,スライスチーズ 6枚 (37),260,8,0
2026,バター 200g (37),260,8,0
2027,しょうゆ 1L (37),310,8,0
2028,みそ 500g (37),360,8,0
2029,砂糖 1kg (37),260,8,0
2030,塩 500g (37),130,8,0
2031,米 2kg (37),1210,8,0
2032,パスタ 1袋 (37),210,8,0
2033,冷凍餃子 12個 (37),390,8,0
2034,冷凍ピザ 1枚 (37),510,8,0
2035,アイスクリーム バニラ (37),260,8,0
2036,即席味噌汁 10食 (37),110,8,0
2037,食パン 6枚入り (38),170,8,0
2038,牛乳 1000ml (38),220,8,0
2039,卵 10個パック (38),240,8,0
2040,カップラーメン 醤油 (38),170,8,0
2041,おにぎり 梅 (38),150,8,0
2042,弁当 のり弁 (38),470,8,0
2043,チョコレート 50g (38),140,8,0
2044,クッキー 12枚 (38),200,8,0
2045,ポテトチップス 60g (38),160,8,0
2046,コーンスナック 60g (38),150,8,0
2047,オレンジジュース 500ml (38),170,8,0
2048,アップルジュース 500ml (38),170,8,0
2049,緑茶 500ml (38),140,8,0
2050,コーヒー 500ml (38),160,8,0
2051,ミネラルウォーター 500ml (38),120,8,0
2052,ヨーグルト 450g (38),120,8,0
2053,スライスチーズ 6枚 (38),270,8,0
2054,バター 200g (38),270,8,0
2055,しょうゆ 1L (38),320,8,0
2056,みそ 500g (38),370,8,0
2057,砂糖 1kg (38),270,8,0
2058,塩 500g (38),140,8,0
2059,米 2kg (38),1220,8,0
2060,パスタ 1袋 (38),220,8,0
2061,冷凍餃子 12個 (38),400,8,0
2062,冷凍ピザ 1枚 (38),520,8,0
2063,アイスクリーム バニラ (38),270,8,0
2064,即席味噌汁 10食 (38),120,8,0
2065,食パン 6枚入り (39),180,8,0
2066,牛乳 1000ml (39),230,8,0
2067,卵 10個パック (39),250,8,0
2068,カップラーメン 醤油 (39),180,8,0
2069,おにぎり 梅 (39),160,8,0
2070,弁当 のり弁 (39),480,8,0
2071,チョコレート 50g (39),150,8,0
2072,クッキー 12枚 (39),210,8,0
2073,ポテトチップス 60g (39),170,8,0
2074,コーンスナック 60g (39),160,8,0
2075,オレンジジュース 500ml (39),180,8,0
2076,アップルジュース 500ml (39),180,8,0
2077,緑茶 500ml (39),150,8,0
2078,コーヒー 500ml (39),170,8,0
2079,ミネラルウォーター 500ml (39),130,8,0
2080,ヨーグルト 450g (39),130,8,0
2081,スライスチーズ 6枚 (39),280,8,0
2082,バター 200g (39),280,8,0
2083,しょうゆ 1L (39),330,8,0
2084,みそ 500g (39),380,8,0
2085,砂糖 1kg (39),280,8,0
2086,塩 500g (39),150,8,0
2087,米 2kg (39),1230,8,0
2088,パスタ 1袋 (39),230,8,0
2089,冷凍餃子 12個 (39),410,8,0
2090,冷凍ピザ 1枚 (39),530,8,0
2091,アイスクリーム バニラ (39),280,8,0
2092,即席味噌汁 10食 (39),130,8,0
2093,食パン 6枚入り (40),190,8,0
2094,牛乳 1000ml (40),240,8,0
2095,卵 10個パック (40),260,8,0
2096,カップラーメン 醤油 (40),190,8,0
2097,おにぎり 梅 (40),170,8,0
2098,弁当 のり弁 (40),490,8,0
2099,チョコレート 50g (40),160,8,0
2100,クッキー 12枚 (40),220,8,0
2101,ポテトチップス 60g (40),180,8,0
2102,コーンスナック 60g (40),170,8,0
2103,オレンジジュース 500ml (40),190,8,0
2104,アップルジュース 500ml (40),190,8,0
2105,緑茶 500ml (40),160,8,0
2106,コーヒー 500ml (40),180,8,0
2107,ミネラルウォーター 500ml (40),140,8,0
2108,ヨーグルト 450g (40),140,8,0
2109,スライスチーズ 6枚 (40),290,8,0
2110,バター 200g (40),290,8,0
2111,しょうゆ 1L (40),340,8,0
2112,みそ 500g (40),390,8,0
2113,砂糖 1kg (40),290,8,0
2114,塩 500g (40),160,8,0
2115,米 2kg (40),1240,8,0
2116,パスタ 1袋 (40),240,8,0
2117,冷凍餃子 12個 (40),420,8,0
2118,冷凍ピザ 1枚 (40),540,8,0
2119,アイスクリーム バニラ (40),290,8,0
2120,即席味噌汁 10食 (40),140,8,0
2121,食パン 6枚入り (41),150,8,0
2122,牛乳 1000ml (41),200,8,0
2123,卵 10個パック (41),220,8,0
2124,カップラーメン 醤油 (41),150,8,0
2125,おにぎり 梅 (41),130,8,0
2126,弁当 のり弁 (41),450,8,0
2127,チョコレート 50g (41),120,8,0
2128,クッキー 12枚 (41),180,8,0
2129,ポテトチップス 60g (41),140,8,0
2130,コーンスナック 60g (41),130,8,0
2131,オレンジジュース 500ml (41),150,8,0
2132,アップルジュース 500ml (41),150,8,0
2133,緑茶 500ml (41),120,8,0
2134,コーヒー 500ml (41),140,8,0
2135,ミネラルウォーター 500ml (41),100,8,0
2136,ヨーグルト 450g (41),100,8,0
2137,スライスチーズ 6枚 (41),250,8,0
2138,バター 200g (41),250,8,0
2139,しょうゆ 1L (41),300,8,0
2140,みそ 500g (41),350,8,0
2141,砂糖 1kg (41),250,8,0
2142,塩 500g (41),120,8,0
2143,米 2kg (41),1200,8,0
2144,パスタ 1袋 (41),200,8,0
2145,冷凍餃子 12個 (41),380,8,0
2146,冷凍ピザ 1枚 (41),500,8,0
2147,アイスクリーム バニラ (41),250,8,0
2148,即席味噌汁 10食 (41),100,8,0
2149,食パン 6枚入り (42),160,8,0
2150,牛乳 1000ml (42),210,8,0
2151,卵 10個パック (42),230,8,0
2152,カップラーメン 醤油 (42),160,8,0
2153,おにぎり 梅 (42),140,8,0
2154,弁当 のり弁 (42),460,8,0
2155,チョコレート 50g (42),130,8,0
2156,クッキー 12枚 (42),190,8,0
2157,ポテトチップス 60g (42),150,8,0
2158,コーンスナック 60g (42),140,8,0
2159,オレンジジュース 500ml (42),160,8,0
2160,アップルジュース 500ml (42),160,8,0
2161,緑茶 500ml (42),130,8,0
2162,コーヒー 500ml (42),150,8,0
2163,ミネラルウォーター 500ml (42),110,8,0
2164,ヨーグルト 450g (42),110,8,0
2165,スライスチーズ 6枚 (42),260,8,0
2166,バター 200g (42),260,8,0
2167,しょうゆ 1L (42),310,8,0
2168,みそ 500g (42),360,8,0
2169,砂糖 1kg (42),260,8,0
2170,塩 500g (42),130,8,0
2171,米 2kg (42),1210,8,0
2172,パスタ 1袋 (42),210,8,0
2173,冷凍餃子 12個 (42),390,8,0
2174,冷凍ピザ 1枚 (42),510,8,0
2175,アイスクリーム バニラ (42),260,8,0
2176,即席味噌汁 10食 (42),110,8,0
2177,食パン 6枚入り (43),170,8,0
2178,牛乳 1000ml (43),220,8,0
2179,卵 10個パック (43),240,8,0
2180,カップラーメン 醤油 (43),170,8,0
2181,おにぎり 梅 (43),150,8,0
2182,弁当 のり弁 (43),470,8,0
2183,チョコレート 50g (43),140,8,0
2184,クッキー 12枚 (43),200,8,0
2185,ポテトチップス 60g (43),160,8,0
2186,コーンスナック 60g (43),150,8,0
2187,オレンジジュース 500ml (43),170,8,0
2188,アップルジュース 500ml (43),170,8,0
2189,緑茶 500ml (43),140,8,0
2190,コーヒー 500ml (43),160,8,0
2191,ミネラルウォーター 500ml (43),120,8,0
2192,ヨーグルト 450g (43),120,8,0
2193,スライスチーズ 6枚 (43),270,8,0
2194,バター 200g (43),270,8,0
2195,しょうゆ 1L (43),320,8,0
2196,みそ 500g (43),370,8,0
2197,砂糖 1kg (43),270,8,0
2198,塩 500g (43),140,8,0
2199,米 2kg (43),1220,8,0
2200,パスタ 1袋 (43),220,8,0
2201,冷凍餃子 12個 (43),400,8,0
2202,冷凍ピザ 1枚 (43),520,8,0
2203,アイスクリーム バニラ (43),270,8,0
2204,即席味噌汁 10食 (43),120,8,0
2205,食パン 6枚入り (44),180,8,0
2206,牛乳 1000ml (44),230,8,0
2207,卵 10個パック (44),250,8,0
2208,カップラーメン 醤油 (44),180,8,0
2209,おにぎり 梅 (44),160,8,0
2210,弁当 のり弁 (44),480,8,0
2211,チョコレート 50g (44),150,8,0
2212,クッキー 12枚 (44),210,8,0
2213,ポテトチップス 60g (44),170,8,0
2214,コーンスナック 60g (44),160,8,0
2215,オレンジジュース 500ml (44),180,8,0
2216,アップルジュース 500ml (44),180,8,0
2217,緑茶 500ml (44),150,8,0
2218,コーヒー 500ml (44),170,8,0
2219,ミネラルウォーター 500ml (44),130,8,0
2220,ヨーグルト 450g (44),130,8,0
2221,スライスチーズ 6枚 (44),280,8,0
2222,バター 200g (44),280,8,0
2223,しょうゆ 1L (44),330,8,0
2224,みそ 500g (44),380,8,0
2225,砂糖 1kg (44),280,8,0
2226,塩 500g (44),150,8,0
2227,米 2kg (44),1230,8,0
2228,パスタ 1袋 (44),230,8,0
2229,冷凍餃子 12個 (44),410,8,0
2230,冷凍ピザ 1枚 (44),530,8,0
2231,アイスクリーム バニラ (44),280,8,0
2232,即席味噌汁 10食 (44),130,8,0
2233,食パン 6枚入り (45),190,8,0
2234,牛乳 1000ml (45),240,8,0
2235,卵 10個パック (45),260,8,0
2236,カップラーメン 醤油 (45),190,8,0
2237,おにぎり 梅 (45),170,8,0
2238,弁当 のり弁 (45),490,8,0
2239,チョコレート 50g (45),160,8,0
2240,クッキー 12枚 (45),220,8,0
2241,ポテトチップス 60g (45),180,8,0
2242,コーンスナック 60g (45),170,8,0
2243,オレンジジュース 500ml (45),190,8,0
2244,アップルジュース 500ml (45),190,8,0
2245,緑茶 500ml (45),160,8,0
2246,コーヒー 500ml (45),180,8,0
2247,ミネラルウォーター 500ml (45),140,8,0
2248,ヨーグルト 450g (45),140,8,0
2249,スライスチーズ 6枚 (45),290,8,0
2250,バター 200g (45),290,8,0
2251,しょうゆ 1L (45),340,8,0
2252,みそ 500g (45),390,8,0
2253,砂糖 1kg (45),290,8,0
2254,塩 500g (45),160,8,0
2255,米 2kg (45),1240,8,0
2256,パスタ 1袋 (45),240,8,0
2257,冷凍餃子 12個 (45),420,8,0
2258,冷凍ピザ 1枚 (45),540,8,0
2259,アイスクリーム バニラ (45),290,8,0
2260,即席味噌汁 10食 (45),140,8,0
2261,食パン 6枚入り (46),150,8,0
2262,牛乳 1000ml (46),200,8,0
2263,卵 10個パック (46),220,8,0
2264,カップラーメン 醤油 (46),150,8,0
2265,おにぎり 梅 (46),130,8,0
2266,弁当 のり弁 (46),450,8,0
2267,チョコレート 50g (46),120,8,0
2268,クッキー 12枚 (46),180,8,0
2269,ポテトチップス 60g (46),140,8,0
2270,コーンスナック 60g (46),130,8,0
2271,オレンジジュース 500ml (46),150,8,0
2272,アップルジュース 500ml (46),150,8,0
2273,緑茶 500ml (46),120,8,0
2274,コーヒー 500ml (46),140,8,0
2275,ミネラルウォーター 500ml (46),100,8,0
2276,ヨーグルト 450g (46),100,8,0
2277,スライスチーズ 6枚 (46),250,8,0
2278,バター 200g (46),250,8,0
2279,しょうゆ 1L (46),300,8,0
2280,みそ 500g (46),350,8,0
2281,砂糖 1kg (46),250,8,0
2282,塩 500g (46),120,8,0
2283,米 2kg (46),1200,8,0
2284,パスタ 1袋 (46),200,8,0
2285,冷凍餃子 12個 (46),380,8,0
2286,冷凍ピザ 1枚 (46),500,8,0
2287,アイスクリーム バニラ (46),250,8,0
2288,即席味噌汁 10食 (46),100,8,0
2289,食パン 6枚入り (47),160,8,0
2290,牛乳 1000ml (47),210,8,0
2291,卵 10個パック (47),230,8,0
2292,カップラーメン 醤油 (47),160,8,0
2293,おにぎり 梅 (47),140,8,0
2294,弁当 のり弁 (47),460,8,0
2295,チョコレート 50g (47),130,8,0
2296,クッキー 12枚 (47),190,8,0
2297,ポテトチップス 60g (47),150,8,0
2298,コーンスナック 60g (47),140,8,0
2299,オレンジジュース 500ml (47),160,8,0
2300,アップルジュース 500ml (47),160,8,0
2301,緑茶 500ml (47),130,8,0
2302,コーヒー 500ml (47),150,8,0
2303,ミネラルウォーター 500ml (47),110,8,0
2304,ヨーグルト 450g (47),110,8,0
2305,スライスチーズ 6枚 (47),260,8,0
2306,バター 200g (47),260,8,0
2307,しょうゆ 1L (47),310,8,0
2308,みそ 500g (47),360,8,0
2309,砂糖 1kg (47),260,8,0
2310,塩 500g (47),130,8,0
2311,米 2kg (47),1210,8,0
2312,パスタ 1袋 (47),210,8,0
2313,冷凍餃子 12個 (47),390,8,0
2314,冷凍ピザ 1枚 (47),510,8,0
2315,アイスクリーム バニラ (47),260,8,0
2316,即席味噌汁 10食 (47),110,8,0
2317,食パン 6枚入り (48),170,8,0
2318,牛乳 1000ml (48),220,8,0
2319,卵 10個パック (48),240,8,0
2320,カップラーメン 醤油 (48),170,8,0
2321,おにぎり 梅 (48),150,8,0
2322,弁当 のり弁 (48),470,8,0
2323,チョコレート 50g (48),140,8,0
2324,クッキー 12枚 (48),200,8,0
2325,ポテトチップス 60g (48),160,8,0
2326,コーンスナック 60g (48),150,8,0
2327,オレンジジュース 500ml (48),170,8,0
2328,アップルジュース 500ml (48),170,8,0
2329,緑茶 500ml (48),140,8,0
2330,コーヒー 500ml (48),160,8,0
2331,ミネラルウォーター 500ml (48),120,8,0
2332,ヨーグルト 450g (48),120,8,0
2333,スライスチーズ 6枚 (48),270,8,0
2334,バター 200g (48),270,8,0
2335,しょうゆ 1L (48),320,8,0
2336,みそ 500g (48),370,8,0
2337,砂糖 1kg (48),270,8,0
2338,塩 500g (48),140,8,0
2339,米 2kg (48),1220,8,0
2340,パスタ 1袋 (48),220,8,0
2341,冷凍餃子 12個 (48),400,8,0
2342,冷凍ピザ 1枚 (48),520,8,0
2343,アイスクリーム バニラ (48),270,8,0
2344,即席味噌汁 10食 (48),120,8,0
2345,食パン 6枚入り (49),180,8,0
2346,牛乳 1000ml (49),230,8,0
2347,卵 10個パック (49),250,8,0
2348,カップラーメン 醤油 (49),180,8,0
2349,おにぎり 梅 (49),160,8,0
2350,弁当 のり弁 (49),480,8,0
2351,チョコレート 50g (49),150,8,0
2352,クッキー 12枚 (49),210,8,0
2353,ポテトチップス 60g (49),170,8,0
2354,コーンスナック 60g (49),160,8,0
2355,オレンジジュース 500ml (49),180,8,0
2356,アップルジュース 500ml (49),180,8,0
2357,緑茶 500ml (49),150,8,0
2358,コーヒー 500ml (49),170,8,0
2359,ミネラルウォーター 500ml (49),130,8,0
2360,ヨーグルト 450g (49),130,8,0
2361,スライスチーズ 6枚 (49),280,8,0
2362,バター 200g (49),280,8,0
2363,しょうゆ 1L (49),330,8,0
2364,みそ 500g (49),380,8,0
2365,砂糖 1kg (49),280,8,0
2366,塩 500g (49),150,8,0
2367,米 2kg (49),1230,8,0
2368,パスタ 1袋 (49),230,8,0
2369,冷凍餃子 12個 (49),410,8,0
2370,冷凍ピザ 1枚 (49),530,8,0
2371,アイスクリーム バニラ (49),280,8,0
2372,即席味噌汁 10食 (49),130,8,0
2373,食パン 6枚入り (50),190,8,0
2374,牛乳 1000ml (50),240,8,0
2375,卵 10個パック (50),260,8,0
2376,カップラーメン 醤油 (50),190,8,0
2377,おにぎり 梅 (50),170,8,0
2378,弁当 のり弁 (50),490,8,0
2379,チョコレート 50g (50),160,8,0
2380,クッキー 12枚 (50),220,8,0
2381,ポテトチップス 60g (50),180,8,0
2382,コーンスナック 60g (50),170,8,0
2383,オレンジジュース 500ml (50),190,8,0
2384,アップルジュース 500ml (50),190,8,0
2385,緑茶 500ml (50),160,8,0
2386,コーヒー 500ml (50),180,8,0
2387,ミネラルウォーター 500ml (50),140,8,0
2388,ヨーグルト 450g (50),140,8,0
2389,スライスチーズ 6枚 (50),290,8,0
2390,バター 200g (50),290,8,0
2391,しょうゆ 1L (50),340,8,0
2392,みそ 500g (50),390,8,0
2393,砂糖 1kg (50),290,8,0
2394,塩 500g (50),160,8,0
2395,米 2kg (50),1240,8,0
2396,パスタ 1袋 (50),240,8,0
2397,冷凍餃子 12個 (50),420,8,0
2398,冷凍ピザ 1枚 (50),540,8,0
2399,アイスクリーム バニラ (50),290,8,0
2400,即席味噌汁 10食 (50),140,8,0
2401,缶ビール 350ml BrandA (1),250,10,20
2402,缶ビール 350ml BrandA (2),260,10,20
2403,缶ビール 350ml BrandA (3),270,10,20
2404,缶ビール 350ml BrandA (4),280,10,20
2405,缶ビール 350ml BrandA (5),290,10,20
2406,缶ビール 350ml BrandA (6),300,10,20
2407,缶ビール 350ml BrandA (7),310,10,20
2408,缶ビール 350ml BrandA (8),320,10,20
2409,缶ビール 350ml BrandA (9),330,10,20
2410,缶ビール 350ml BrandA (10),340,10,20
2411,瓶ビール 500ml BrandB (1),380,10,20
2412,瓶ビール 500ml BrandB (2),390,10,20
2413,瓶ビール 500ml BrandB (3),400,10,20
2414,瓶ビール 500ml BrandB (4),410,10,20
2415,瓶ビール 500ml BrandB (5),420,10,20
2416,瓶ビール 500ml BrandB (6),430,10,20
2417,瓶ビール 500ml BrandB (7),440,10,20
2418,瓶ビール 500ml BrandB (8),450,10,20
2419,瓶ビール 500ml BrandB (9),460,10,20
2420,瓶ビール 500ml BrandB (10),470,10,20
2421,日本酒 720ml Junmai (1),1200,10,20
2422,日本酒 720ml Junmai (2),1250,10,20
2423,日本酒 720ml Junmai (3),1300,10,20
2424,日本酒 720ml Junmai (4),1350,10,20
2425,日本酒 720ml Junmai (5),1400,10,20
2426,日本酒 720ml Junmai (6),1450,10,20
2427,日本酒 720ml Junmai (7),1500,10,20
2428,日本酒 720ml Junmai (8),1550,10,20
2429,日本酒 720ml Junmai (9),1600,10,20
2430,日本酒 720ml Junmai (10),1650,10,20
2431,焼酎 720ml Shochu (1),1300,10,20
2432,焼酎 720ml Shochu (2),1350,10,20
2433,焼酎 720ml Shochu (3),1400,10,20
2434,焼酎 720ml Shochu (4),1450,10,20
2435,焼酎 720ml Shochu (5),1500,10,20
2436,焼酎 720ml Shochu (6),1550,10,20
2437,焼酎 720ml Shochu (7),1600,10,20
2438,焼酎 720ml Shochu (8),1650,10,20
2439,焼酎 720ml Shochu (9),1700,10,20
2440,焼酎 720ml Shochu (10),1750,10,20
2441,ワイン 赤 750ml (1),1200,10,20
2442,ワイン 赤 750ml (2),1250,10,20
2443,ワイン 赤 750ml (3),1300,10,20
2444,ワイン 赤 750ml (4),1350,10,20
2445,ワイン 赤 750ml (5),1400,10,20
2446,ワイン 赤 750ml (6),1450,10,20
2447,ワイン 赤 750ml (7),1500,10,20
2448,ワイン 赤 750ml (8),1550,10,20
2449,ワイン 赤 750ml (9),1600,10,20
2450,ワイン 赤 750ml (10),1650,10,20
2451,ワイン 白 750ml (1),1200,10,20
2452,ワイン 白 750ml (2),1250,10,20
2453,ワイン 白 750ml (3),1300,10,20
2454,ワイン 白 750ml (4),1350,10,20
2455,ワイン 白 750ml (5),1400,10,20
2456,ワイン 白 750ml (6),1450,10,20
2457,ワイン 白 750ml (7),1500,10,20
2458,ワイン 白 750ml (8),1550,10,20
2459,ワイン 白 750ml (9),1600,10,20
2460,ワイン 白 750ml (10),1650,10,20
2461,ウイスキー 700ml (1),3500,10,20
2462,ウイスキー 700ml (2),3600,10,20
2463,ウイスキー 700ml (3),3700,10,20
2464,ウイスキー 700ml (4),3800,10,20
2465,ウイスキー 700ml (5),3900,10,20
2466,ウイスキー 700ml (6),4000,10,20
2467,ウイスキー 700ml (7),4100,10,20
2468,ウイスキー 700ml (8),4200,10,20
2469,ウイスキー 700ml (9),4300,10,20
2470,ウイスキー 700ml (10),4400,10,20
2471,缶チューハイ 350ml (1),150,10,20
2472,缶チューハイ 350ml (2),160,10,20
2473,缶チューハイ 350ml (3),170,10,20
2474,缶チューハイ 350ml (4),180,10,20
2475,缶チューハイ 350ml (5),190,10,20
2476,缶チューハイ 350ml (6),200,10,20
2477,缶チューハイ 350ml (7),210,10,20
2478,缶チューハイ 350ml (8),220,10,20
2479,缶チューハイ 350ml (9),230,10,20
2480,缶チューハイ 350ml (10),240,10,20
2481,タバコ BrandX 20本 (1),500,10,20
2482,タバコ BrandX 20本 (2),520,10,20
2483,タバコ BrandX 20本 (3),540,10,20
2484,タバコ BrandX 20本 (4),560,10,20
2485,タバコ BrandX 20本 (5),580,10,20
2486,タバコ BrandX 20本 (6),600,10,20
2487,タバコ BrandX 20本 (7),620,10,20
2488,タバコ BrandX 20本 (8),640,10,20
2489,タバコ BrandX 20本 (9),660,10,20
2490,タバコ BrandX 20本 (10),680,10,20
2491,リキュール 500ml (1),800,10,20
2492,リキュール 500ml (2),850,10,20
2493,リキュール 500ml (3),900,10,20
2494,リキュール 500ml (4),950,10,20
2495,リキュール 500ml (5),1000,10,20
2496,リキュール 500ml (6),1050,10,20
2497,リキュール 500ml (7),1100,10,20
2498,リキュール 500ml (8),1150,10,20
2499,リキュール 500ml (9),1200,10,20
2500,リキュール 500ml (10),1250,10,20